{
    "isFixedJoystick": true,
    "BGMSound": 0.2540645897388458,
    "SFXSound": 0.37611326575279238
}