{
    "isFixedJoystick": true,
    "BGMSound": 0.06301906704902649,
    "SFXSound": 0.37611326575279238
}