{
    "BGMSound": 0.06838659197092056,
    "SFXSound": 0.09619945287704468
}