{
    "BGMSound": 0.4296399652957916,
    "SFXSound": 0.652702271938324
}