{
    "BGMSound": 0.08558867871761322,
    "SFXSound": 0.1431879997253418
}