{
    "BGMSound": 0.06686971336603165,
    "SFXSound": 0.08377386629581452
}