{
    "isFixedJoystick": true,
    "BGMSound": 0.10853573679924011,
    "SFXSound": 0.26876509189605715
}