{
    "isFixedJoystick": true,
    "BGMSound": 0.0732831358909607,
    "SFXSound": 0.0710369125008583
}