{
    "BGMSound": 0.09729018062353134,
    "SFXSound": 0.08444161713123322
}