{
    "isFixedJoystick": true,
    "BGMSound": 0.49011242389678957,
    "SFXSound": 0.11775019764900208
}