{
    "isFixedJoystick": true,
    "BGMSound": 0.09812171012163162,
    "SFXSound": 0.08428361266851425
}