{
    "isFixedJoystick": true,
    "BGMSound": 0.12012151628732681,
    "SFXSound": 0.0710369125008583
}