{
    "BGMSound": 0.04463781416416168,
    "SFXSound": 0.09619945287704468
}