{
    "BGMSound": 0.13879817724227906,
    "SFXSound": 0.08377386629581452
}