{"isFixedJoystick":true,"BGMSound":0.4659463167190552,"SFXSound":0.8999413251876831}