{"isFixedJoystick":true,"BGMSound":0.4034242630004883,"SFXSound":0.7083295583724976}