{"isFixedJoystick":true,"BGMSound":0.7067470550537109,"SFXSound":0.8687348961830139}