{"isFixedJoystick":true,"BGMSound":0.6163829565048218,"SFXSound":0.8999413251876831}