{"isFixedJoystick":true,"BGMSound":0.44454914331436159,"SFXSound":0.8999413251876831}